number,domestic_http,abroad_http
1,27.76.11.67:4013,92.118.132.125:8080
2,213.246.8.76:3128,47.100.207.117:8080
3,59.60.209.14:8089,91.107.232.242:8080
4,221.154.62.181:80,198.44.191.68:45787
5,59.59.162.51:8089,200.123.15.194:999
6,183.88.59.32:8213,50.222.34.43:60808
7,27.156.142.64:8089,65.109.170.94:8080
8,5.78.72.39:8080,207.180.246.157:3128
9,198.44.191.210:45787,199.60.103.28:80
10,27.72.104.89:8080,185.195.107.103:23445
11,27.157.128.83:8089,27.76.91.191:4003
12,95.156.230.45:80,41.216.186.145:8080
13,61.7.178.156:8080,181.177.141.93:8087
14,27.157.228.54:8089,195.178.197.20:8080
15,20.239.2.157:80,45.251.139.143:45787
16,43.249.10.111:45787,31.31.176.122:8080
17,82.146.48.136:8000,27.76.232.1:4011
18,27.64.19.213:4007,8.242.190.120:999
19,49.86.176.186:8089,46.35.65.199:8080
20,60.251.66.4:8080,89.22.239.228:3128
21,27.208.137.56:8060,185.169.234.175:41002
22,59.59.163.34:8089,27.75.209.218:4013
23,27.157.230.34:8089,89.109.252.139:8080
24,47.94.57.119:80,201.221.26.179:8080
25,183.164.243.66:8089,38.7.131.249:999
26,198.44.161.25:45787,204.199.174.12:999
27,8.130.70.83:7891,36.77.52.201:8080
28,198.11.175.192:8080,38.88.23.234:80
29,223.247.46.68:8089,38.88.23.136:80
30,59.59.129.52:8089,181.143.249.173:999
31,50.16.22.43:80,54.158.15.91:80
32,188.40.84.200:9999,5.78.46.183:8080
33,223.215.177.99:8089,170.64.188.90:8080
34,5.78.41.83:8080,94.102.194.1:1500
35,183.173.194.233:7891,223.205.79.191:8080
36,5.78.43.15:8080,198.44.191.234:45787
37,34.125.246.223:80,177.234.209.118:999
38,94.154.87.28:8088,45.77.252.18:1234
39,39.106.6.91:3128,23.88.63.221:8080
40,193.124.118.196:3128,185.132.250.71:8080
41,209.45.90.173:8080,64.227.23.88:8118
42,59.59.158.49:8089,198.44.164.168:45787
43,183.173.41.212:4780,41.33.86.242:8080
44,222.190.215.27:8089,190.119.81.86:999
45,200.164.28.168:8111,95.217.132.4:8080
46,27.192.203.76:9000,198.44.191.191:45787
47,59.59.163.22:8089,182.55.48.187:443
48,27.157.229.147:8089,45.90.74.235:3333
49,182.253.21.26:46977,91.242.229.191:3128
50,192.248.177.222:8118,49.48.120.206:8080
51,38.49.138.139:999,3.37.187.40:80
52,43.251.117.182:45787,198.44.188.253:45787
53,5.75.241.240:8080,201.218.137.224:999
54,198.44.189.212:45787,94.130.65.215:4444
55,27.75.190.18:4009,62.112.8.72:45371
56,95.217.20.26:3128,43.251.117.153:45787
57,46.161.87.11:8080,47.109.46.223:5678
58,49.89.103.29:8089,5.78.96.21:8080
59,45.70.236.192:999,181.65.200.53:80
60,49.86.181.193:2080,45.251.138.223:45787
61,38.88.23.234:80,88.222.187.98:3128
62,218.1.142.130:57114,213.14.19.186:9111
63,198.44.189.201:45787,43.251.118.85:45787
64,59.59.128.15:8089,46.161.227.209:8080
65,27.79.211.99:4005,203.142.71.53:8080
66,198.44.190.249:45787,5.161.124.26:8080
67,221.1.92.89:9000,198.44.188.90:45787
68,182.253.217.161:8080,38.51.49.85:999
69,60.174.1.121:8089,195.138.73.54:44017
70,65.21.148.239:8080,213.246.28.43:8080
71,3.84.68.97:8118,185.104.112.62:80
72,183.233.169.226:9091,191.102.254.28:8085
73,5.104.174.199:23500,198.44.191.55:45787
74,5.161.124.26:8080,45.114.144.34:32650
75,27.157.247.230:8089,45.170.102.1:999
76,49.70.32.72:8089,87.123.33.195:8118
77,190.61.55.140:999,27.76.83.94:4005
78,27.150.85.6:8089,43.251.116.122:45787
79,38.7.131.33:999,196.74.31.177:8080
80,188.166.56.246:80,198.44.188.204:45787
81,185.174.111.25:41002,94.74.128.169:80
82,178.236.223.250:8080,64.20.51.62:8001
83,197.98.201.110:10012,31.146.5.178:8080
84,59.60.239.132:8089,47.98.112.7:80
85,27.157.128.171:8089,27.65.111.114:4011
86,23.227.38.155:80,46.163.74.99:3128
87,223.247.46.226:8089,49.0.200.210:8080
88,49.71.144.120:8089,183.173.194.182:4780
89,36.88.113.190:32650,43.251.116.90:45787
90,27.150.95.143:8089,38.88.23.247:80
91,49.89.103.177:8089,47.92.237.136:7890
92,5.202.53.65:8080,203.116.101.196:80
93,81.92.27.38:8111,38.88.23.34:80
94,27.158.30.136:8089,5.78.103.21:8080
95,198.44.188.245:45787,185.215.235.178:80
96,5.78.99.33:8080,54.37.0.178:3128
97,27.75.209.239:4015,45.84.241.250:3128
98,204.199.174.5:999,94.102.228.118:32650
99,59.59.163.42:8089,93.95.227.161:80
